target_month,month_end_date,trading_days_in_month,realized_volatility,forecast_previous_month_rv,forecast_six_month_rv,forecast_gjr_garch,forecast_egarch,estimation_sample_size_days
1999-01,1999-01-29,19,0.6940358388888783,1.0639070830130317,1.002958803316423,0.2830973910142923,0.8539438706337643,1002
1999-02,1999-02-26,15,0.46767735422721707,0.6940358388888783,0.9356874029690057,0.3657253866319155,1.322506784518284,1021
1999-03,1999-03-31,21,0.6162460601485332,0.46767735422721707,0.8022671438148399,0.29132758661519387,0.8316435741122897,1036
1999-04,1999-04-30,22,0.3742153098813578,0.6162460601485332,0.7309736454536345,0.3273118933435225,1.0278215703346885,1057
1999-05,1999-05-28,19,0.42705988475994366,0.3742153098813578,0.6425612548655643,0.30073995988112295,0.7634758312252892,1079
1999-06,1999-06-30,18,0.602470287124986,0.42705988475994366,0.6182866888168904,0.4121453612644339,1.3767859956382846,1098
1999-07,1999-07-30,22,0.4845500916270185,0.602470287124986,0.507411076285259,0.41478332842661464,1.443639492940929,1116
1999-08,1999-08-31,23,0.4476214482896044,0.4845500916270185,0.4773790889922521,0.3314330709943748,0.9146712277658742,1138
1999-09,1999-09-30,23,0.5936686902512394,0.4476214482896044,0.48510368230523826,0.3254388181994033,0.8855116296639831,1161
1999-10,1999-10-29,21,0.5704472279060192,0.5936686902512394,0.4811945931797631,0.3600482115634424,1.1166356177220684,1184
1999-11,1999-11-30,18,0.48331056374903514,0.5704472279060192,0.5150884548386065,0.5043975969552262,1.8146707718904371,1205
1999-12,1999-12-31,22,0.6167739551470892,0.48331056374903514,0.5208466903044094,0.34109861444289263,0.9476949606440747,1223
2000-01,2000-01-31,19,0.645389869664855,0.6167739551470892,0.5158478910129501,0.3141066206520288,0.8586665861750721,1245
2000-02,2000-02-29,17,0.32645488632374026,0.645389869664855,0.5531306747456565,0.5279438067057428,1.7713048227750647,1264
2000-03,2000-03-31,24,0.46788308406165396,0.32645488632374026,0.534901998705737,0.4000298259242722,1.3443368753839988,1281
2000-04,2000-04-28,15,0.7325245987883434,0.46788308406165396,0.5132934718655828,0.35136722813319443,1.0201964066544351,1305
2000-05,2000-05-31,19,0.4877534859365671,0.7325245987883434,0.5270316727825135,0.3486125288526523,1.0659097562781532,1320
2000-06,2000-06-30,23,0.4964949758496973,0.4877534859365671,0.5254774529630828,0.3318760297234793,0.8962244862754071,1339
2000-07,2000-07-31,23,0.6282778194647985,0.4964949758496973,0.5040958633772517,0.3579222907410006,1.0750388007466776,1362
2000-08,2000-08-31,22,0.44423137725480594,0.6282778194647985,0.5153270393789179,0.3732016983141973,1.1350145557346014,1385
2000-09,2000-09-29,20,0.4345657058219809,0.44423137725480594,0.5313690818263936,0.36569900441581465,1.0915460608179801,1407
2000-10,2000-10-31,22,0.5355498172156172,0.4345657058219809,0.5205174992625455,0.41150218657575116,1.342157579804714,1427
2000-11,2000-11-30,21,0.5532662490389926,0.5355498172156172,0.4946366667653505,0.4982374511465143,1.678593346958651,1449
2000-12,2000-12-29,19,0.5824784708895548,0.5532662490389926,0.5090280515273967,0.4053627316458514,1.1207603985054952,1470
2001-01,2001-01-31,17,0.7524015364495744,0.5824784708895548,0.5275610433541328,0.37233487686631583,1.1368068919763836,1489
2001-02,2001-02-28,19,1.1123366994044392,0.7524015364495744,0.5351730222361478,0.35872810853294057,0.9904838850114427,1506
2001-03,2001-03-30,20,0.9565727142631628,1.1123366994044392,0.6552576517232481,0.39177795390214826,1.1558556389742192,1525
2001-04,2001-04-30,16,1.1717629572484685,0.9565727142631628,0.7362858923630227,0.4026802683029134,1.3004092166772139,1545
2001-05,2001-05-31,22,0.7623889957400898,1.1717629572484685,0.8174555289949473,0.3772095060474207,1.1547095719026008,1561
2001-06,2001-06-29,22,0.7917921762888317,0.7623889957400898,0.8456465004545242,0.37454556866839894,1.1099575839870643,1583
2001-07,2001-07-31,21,0.6166887775956089,0.7917921762888317,0.8785673859074816,0.35902304023364695,1.0238099218235939,1605
2001-08,2001-08-31,23,0.5887547955273449,0.6166887775956089,0.8661882382310246,0.3569612144242623,1.0352513699435189,1626
2001-09,2001-09-28,21,0.8819018331161494,0.5887547955273449,0.7956652683204234,0.36836056868360517,1.0821604092325043,1649
2001-10,2001-10-31,21,1.0397487276570183,0.8819018331161494,0.7865774574151043,0.5041854909984987,1.7030091957271112,1670
2001-11,2001-11-30,20,1.0155095866780495,1.0397487276570183,0.768907150523913,0.3738777734555609,1.0439648013129748,1691
2001-12,2001-12-31,21,0.7836829346236748,1.0155095866780495,0.8135244298736111,0.3677926865008655,1.0583694105840251,1711
2002-01,2002-01-31,19,1.0570850340181999,0.7836829346236748,0.8126817267734188,0.37438473907419917,1.041828754986631,1732
2002-02,2002-02-28,16,1.1027170949640892,1.0570850340181999,0.880837866133676,0.4427506723935776,1.468255946121876,1751
2002-03,2002-03-28,20,1.0664658944575685,1.1027170949640892,0.9288772474736352,0.3540491287086042,0.9761568453880419,1767
2002-04,2002-04-30,19,1.0106592039579059,1.0664658944575685,0.9569089198943468,0.3550440252010272,1.0317449051712237,1787
2002-05,2002-05-31,22,0.9213392216351685,1.0106592039579059,0.941282406014112,0.3950078524732692,1.2366201299546233,1806
2002-06,2002-06-28,20,0.8958292728923416,0.9213392216351685,0.9325298846383607,0.35344987959771473,0.9730029646723131,1828
2002-07,2002-07-31,21,1.181847850744727,0.8958292728923416,0.9452735430153351,0.3782732412392646,1.1736663359311024,1848
2002-08,2002-08-30,23,1.1363220156127232,1.181847850744727,0.9791427470207795,0.4358096309986734,1.606980436912462,1869
2002-09,2002-09-30,20,1.2241370561423224,1.1363220156127232,1.0183696348957525,0.3628813885446227,1.0066740665872984,1892
2002-10,2002-10-31,22,1.4359412606554212,1.2241370561423224,1.0452778078940528,0.45950800246421847,1.4981814215957343,1912
2002-11,2002-11-27,21,1.0942699097688529,1.4359412606554212,1.1341143884121239,0.38026787993273375,1.1709885669964901,1934
2002-12,2002-12-31,20,0.7999934861275557,1.0942699097688529,1.1582369664103653,0.5691856696477651,1.783952074236721,1955
2003-01,2003-01-31,17,0.8023292212969649,0.7999934861275557,1.1256479808197237,0.3712656022903339,1.0528571797815904,1975
2003-02,2003-02-28,18,1.174031898094509,0.8023292212969649,1.0868893257217147,0.44368308231459885,1.4633817181271787,1992
2003-03,2003-03-31,23,1.0529148950621483,1.174031898094509,1.0670282978225356,0.39244191078382684,1.2624498765017413,2010
2003-04,2003-04-30,18,0.9760086679076942,1.0529148950621483,1.0521202860446341,0.4374680390186603,1.2461644953113364,2033
2003-05,2003-05-30,20,0.7982140425239259,0.9760086679076942,0.9421242416709893,0.3889856379378179,1.1504129970243975,2051
2003-06,2003-06-30,20,0.7762327587142062,0.7982140425239259,0.8920239053431288,0.44542794160502963,1.3094976977786439,2071
2003-07,2003-07-31,23,0.6589213507791813,0.7762327587142062,0.8869401607461818,0.39003119807907205,1.0934409676913581,2091
2003-08,2003-08-29,21,0.6595496827703662,0.6589213507791813,0.8829395462042603,0.38347809042517916,1.0433018277577373,2114
2003-09,2003-09-30,20,0.5946349724054263,0.6595496827703662,0.8121570844033749,0.3871989844240854,1.0776424131460534,2135
2003-10,2003-10-31,25,0.6707822438830046,0.5946349724054263,0.7205758813474648,0.4037495137685688,1.2074834925775875,2155
2003-11,2003-11-26,19,1.1500589981561695,0.6707822438830046,0.6582540512239139,0.3751339465188931,1.036097836820247,2180
2003-12,2003-12-31,19,1.2232317587409771,1.1500589981561695,0.7368775807459395,0.3821384308003723,1.1457132193112747,2199
2004-01,2004-01-30,19,0.38854144605171154,1.2232317587409771,0.827016752016983,0.37358129109322374,1.0212230277761645,2218
2004-02,2004-02-27,19,0.32759013872563275,0.38854144605171154,0.7987501424027401,0.3743515711174372,1.0660277326814578,2237
2004-03,2004-03-31,21,0.4014010971491274,0.32759013872563275,0.7640839675679059,0.36564320880667767,0.9086536851737758,2256
2004-04,2004-04-30,21,0.2758819666175535,0.4014010971491274,0.7459036207606019,0.36952487926607813,1.060346386679629,2277
2004-05,2004-05-28,19,0.37731065250594104,0.2758819666175535,0.6945951391453793,0.3727967908750294,1.04799021575946,2298
2004-06,2004-06-30,19,0.3672853521036831,0.37731065250594104,0.5592466997627042,0.36323953471334847,1.018654558491471,2317
2004-07,2004-07-30,22,0.34801335735170774,0.3672853521036831,0.34109232973419257,0.36139013944489984,0.973918295064794,2336
2004-08,2004-08-31,22,0.4411447970305349,0.34801335735170774,0.3393783480009637,0.3558693761853619,0.9732004798661198,2358
2004-09,2004-09-30,22,0.36767251848073246,0.4411447970305349,0.36265464701609,0.36177459729342215,1.0128268050183076,2380
2004-10,2004-10-29,21,0.4370781591939206,0.36767251848073246,0.3584535475621142,0.35006874142731803,0.9403243017949123,2402
2004-11,2004-11-30,15,0.34106016744179896,0.4370781591939206,0.3833589791143838,0.352818749423868,1.0738383670475775,2423
2004-12,2004-12-31,22,0.4326266964987299,0.34106016744179896,0.3743604049358165,0.34731680753649896,0.9332062856898422,2438
2005-01,2005-01-31,20,0.44137878294425936,0.4326266964987299,0.38901468385236787,0.3404438831251163,0.8545333816570101,2460
2005-02,2005-02-28,17,0.41296889500663186,0.44137878294425936,0.4009765290416717,0.36388185509916304,1.0625579627187143,2480
2005-03,2005-03-31,20,0.2811388459529549,0.41296889500663186,0.3875001990804132,0.3559210613226033,1.1126882549983896,2497
2005-04,2005-04-29,20,0.27500229068440507,0.2811388459529549,0.3742235732236459,0.35316357445661284,1.0547661793267387,2517
2005-05,2005-05-27,17,0.4857214022634975,0.27500229068440507,0.349633330572519,0.3891428067946395,1.2543944716537765,2537
2005-06,2005-06-30,22,0.36093709168343285,0.4857214022634975,0.3724640757949309,0.33772438342408306,0.9379495893883991,2554
2005-07,2005-07-29,23,0.2787535386331515,0.36093709168343285,0.3587661162090026,0.3416572163909985,0.9738034699072952,2576
2005-08,2005-08-31,22,0.2468983188563655,0.2787535386331515,0.33567537602527187,0.34163693719175975,1.0110547007085575,2599
2005-09,2005-09-30,22,0.2562587603103446,0.2468983188563655,0.31763621212471893,0.3619675154540046,1.116466614049811,2621
2005-10,2005-10-31,21,0.3717960341838314,0.2562587603103446,0.3156073287913514,0.3284474287375269,0.9260060708060128,2643
2005-11,2005-11-30,20,0.3207755787326884,0.3717960341838314,0.33020772482783345,0.366268057245598,1.2614690232885994,2664
2005-12,2005-12-30,20,0.46180099677543085,0.3207755787326884,0.3054153082214929,0.3285522402091423,0.9189573100757132,2684
2006-01,2006-01-31,19,0.4598472234094347,0.46180099677543085,0.3234533037779939,0.32461111462763287,0.8594157432025434,2704
2006-02,2006-02-28,16,0.46220310865270714,0.4598472234094347,0.3497212216681867,0.3240642736416954,0.9355504396076229,2723
2006-03,2006-03-31,24,0.3157892235526203,0.46220310865270714,0.37144285394887555,0.3413057455544541,0.9943589019647746,2739
2006-04,2006-04-28,14,0.5222264383807689,0.3157892235526203,0.38067798990216273,0.3208476528562841,0.892627683551775,2763
2006-05,2006-05-31,19,0.5237752466681179,0.5222264383807689,0.3978058544976353,0.31658322123969035,0.8587267122302406,2777
2006-06,2006-06-30,24,0.5743855226206016,0.5237752466681179,0.42790804289018597,0.3481878190213544,1.1519706421237004,2796
2006-07,2006-07-31,22,0.5577199064216645,0.5743855226206016,0.4510260393584584,0.3593959020030379,1.2050706955553787,2820
2006-08,2006-08-31,22,0.5236322578349369,0.5577199064216645,0.4745696243321182,0.330366816782495,1.0188483989483927,2842
2006-09,2006-09-29,21,0.41218515191564215,0.5236322578349369,0.49558906518698315,0.3121169534217893,0.7865232817526148,2864
2006-10,2006-10-31,22,0.3474437913292512,0.41218515191564215,0.5044915737954635,0.31185556153747024,0.8598955248979321,2885
2006-11,2006-11-30,20,0.4034973704266394,0.3474437913292512,0.4868298105437734,0.30923744418539256,0.8067178072767569,2907
2006-12,2006-12-29,19,0.5004778930048788,0.4034973704266394,0.47656667956710846,0.31847146914287044,0.9661959246547436,2927
2007-01,2007-01-31,17,0.4273852682406238,0.5004778930048788,0.4545814280996342,0.3122594030570697,0.8716998403903409,2946
2007-02,2007-02-28,17,0.4714088765069545,0.4273852682406238,0.4222400698881065,0.3264596782391901,1.013446047432993,2963
2007-03,2007-03-30,20,0.444547163753857,0.4714088765069545,0.40097864649299053,0.3750894987622482,1.196588569568265,2980
2007-04,2007-04-30,18,0.3319113447259256,0.444547163753857,0.40555718906067684,0.3057674055471159,0.8495163703902552,3000
2007-05,2007-05-31,22,0.47332063401643026,0.3319113447259256,0.4111925964478366,0.31342871839835296,0.883100196366008,3018
2007-06,2007-06-29,20,0.3238221396642007,0.47332063401643026,0.4224758140578326,0.3066907015752946,0.9226696228644785,3040
2007-07,2007-07-31,21,0.41470397603588255,0.3238221396642007,0.39568702389149657,0.30019428932341685,0.8474618953719592,3060
2007-08,2007-08-31,23,0.42639739007508815,0.41470397603588255,0.39671301195656716,0.3450144430197624,1.161635467728325,3081
2007-09,2007-09-28,21,0.532142942816003,0.42639739007508815,0.4034994359957235,0.3617098422782128,1.2849356838777055,3104
2007-10,2007-10-31,21,0.4907713386137652,0.532142942816003,0.4188273334731363,0.30290183334754994,0.8855392733509924,3125
2007-11,2007-11-30,20,0.5245440277101036,0.4907713386137652,0.4366696805480095,0.3588680735146902,1.1913107190028551,3146
2007-12,2007-12-31,21,0.5143219060925527,0.5245440277101036,0.45010855909806424,0.3480391589954463,1.2495969514139882,3166
2008-01,2008-01-31,17,2.5539473636477066,0.5143219060925527,0.4736542426253512,0.3151558345729302,0.9823843319367164,3187
2008-02,2008-02-29,19,2.1027442614347986,2.5539473636477066,1.018391679961392,0.4077569365553926,1.3843226135210605,3204
2008-03,2008-03-31,20,1.7435339207798144,2.1027442614347986,1.2820698679947458,0.4418202425913018,1.2909354745211785,3223
2008-04,2008-04-30,21,1.8360406666853357,1.7435339207798144,1.4345552840754934,0.32356975809491667,1.0624357099744053,3243
2008-05,2008-05-30,20,1.9862824926964269,1.8360406666853357,1.6003246495379666,0.3111313906780976,0.8788576495251117,3264
2008-06,2008-06-30,19,1.8200816943672404,1.9862824926964269,1.7668941040099788,0.3138137712621262,0.9440381965997079,3284
2008-07,2008-07-31,23,1.3637534931755098,1.8200816943672404,1.8855934320302161,0.32261980933279893,0.9968469673269229,3303
2008-08,2008-08-29,22,1.5562926427944273,1.3637534931755098,1.7453920469295594,0.3819450077235898,1.356627022230295,3326
2008-09,2008-09-30,20,1.6509489846653593,1.5562926427944273,1.6783128056329304,0.3760704992281101,1.254900689640633,3348
2008-10,2008-10-31,24,1.4624495781979427,1.6509489846653593,1.6638362412370054,1.0283033420115377,2.847873044088453,3368
2008-11,2008-11-26,20,1.870482393902184,1.4624495781979427,1.6181461651838989,0.4758518323699782,1.8073069856525399,3392
2008-12,2008-12-31,19,2.090068960001896,1.870482393902184,1.595641038887926,0.6771519538051546,2.162757104309225,3412
2009-01,2009-01-30,18,1.2228046054646324,2.090068960001896,1.6377011833713113,0.42926301416638274,1.4991494680188244,3431
2009-02,2009-02-27,19,1.7679204642571464,1.2228046054646324,1.6077537055018003,0.4895058386172835,1.6158002025667024,3449
2009-03,2009-03-31,20,1.872107388025021,1.7679204642571464,1.6209771453646078,0.4521891269626293,1.468509888590561,3468
2009-04,2009-04-30,22,1.4285644394064996,1.872107388025021,1.6636360645950652,0.4429226956986019,1.5442826425115532,3488
2009-05,2009-05-29,19,1.6143598529407637,1.4285644394064996,1.6517659109789926,0.36568691505979317,1.2080273358582974,3510
2009-06,2009-06-30,21,1.386207612901752,1.6143598529407637,1.60500564695684,0.40872442167598655,1.4152848962799347,3529
2009-07,2009-07-31,21,1.066661078447061,1.386207612901752,1.488557506421575,0.3536054061410922,1.142696567269733,3550
2009-08,2009-08-31,21,0.9462705785170303,1.066661078447061,1.4824052787779003,0.34137291984758233,1.0156298307361926,3571
2009-09,2009-09-30,23,1.4641360872445954,0.9462705785170303,1.3732975446792357,0.34196701228894744,0.9336796247751853,3592
2009-10,2009-10-30,21,1.1946397653790823,1.4641360872445954,1.313792282257033,0.3369071089041696,1.0228226443821418,3615
2009-11,2009-11-30,18,1.4444065488715145,1.1946397653790823,1.273487227141703,0.5106625563485616,1.5948928646398965,3636
2009-12,2009-12-31,20,1.2907268121253617,1.4444065488715145,1.2374973252466663,0.33518100877658147,0.9951647734270459,3654
2010-01,2010-01-29,19,0.6290455631268704,1.2907268121253617,1.2153854044551344,0.34952699840582213,0.9486108556867262,3674
2010-02,2010-02-26,15,0.6572940063294916,0.6290455631268704,1.1627453346133734,0.35591628288363203,1.0829503801759166,3693
2010-03,2010-03-31,21,0.5856529944756849,0.6572940063294916,1.1234930857786505,0.32909692015502634,0.9434928293803507,3708
2010-04,2010-04-30,22,0.6110462524224437,0.5856529944756849,0.9697352264939454,0.3269472879240415,0.8529897242218735,3729
2010-05,2010-05-28,19,0.5981083537536283,0.6110462524224437,0.8767225461309436,0.39798268473592,1.2960361741479627,3751
2010-06,2010-06-30,18,0.7808819420879908,0.5981083537536283,0.730345538885736,0.4346025740962283,1.557928347132134,3770
2010-07,2010-07-30,22,0.7024687635641442,0.7808819420879908,0.6050408895456988,0.39612875502856204,1.2567455599722193,3788
2010-08,2010-08-31,23,0.7801865367522454,0.7024687635641442,0.6267561979322401,0.32444180573373005,0.8877678789839125,3810
2010-09,2010-09-30,23,0.7120540062745726,0.7801865367522454,0.6671065189416568,0.34104702855903424,1.077553943995281,3833
2010-10,2010-10-29,21,0.6150360938376783,0.7120540062745726,0.6907322204966303,0.3264617442342399,0.9452478771838048,3856
2010-11,2010-11-30,18,0.5603219691504132,0.6150360938376783,0.691152322741425,0.321986784904832,0.7817674582759543,3877
2010-12,2010-12-31,22,0.5733471506089808,0.5603219691504132,0.6847690977327274,0.33607259765159564,1.0362617288069813,3895
2011-01,2011-01-31,20,0.3581739087321446,0.5733471506089808,0.6410130832068948,0.31982439883090635,0.7652692463532754,3917
2011-02,2011-02-28,17,0.4844314416918774,0.3581739087321446,0.6113815909756654,0.35696838315715523,1.133145316437127,3937
2011-03,2011-03-31,22,0.7313548357585243,0.4844314416918774,0.5465874854279189,0.3392311753291453,1.0826595694579906,3954
2011-04,2011-04-29,18,0.5498453469416794,0.7313548357585243,0.5471262370510918,0.3234614597594879,0.9585636901114539,3976
2011-05,2011-05-27,17,0.7041679721153026,0.5498453469416794,0.5300114593893802,0.32246125180272356,0.9797104680327293,3994
2011-06,2011-06-30,22,0.6585163703222237,0.7041679721153026,0.5506958591598438,0.32691733347943475,0.9605507416529758,4011
2011-07,2011-07-29,23,0.6171803491557852,0.6585163703222237,0.564653772006555,0.36166594812024405,1.2587054325761076,4033
2011-08,2011-08-31,22,0.7997714441116482,0.6171803491557852,0.6061613496279198,0.3352656585157428,1.013107167506453,4056
2011-09,2011-09-30,22,0.5996763116358839,0.7997714441116482,0.6667927913159288,0.3464227637774418,1.2342900450633827,4078
2011-10,2011-10-31,21,0.7473054131677946,0.5996763116358839,0.6446507066728419,0.4606726979277807,1.4484426021113308,4100
2011-11,2011-11-30,20,0.568589720853344,0.7473054131677946,0.672434387627852,0.4676092183309269,1.5077111868764987,4121
2011-12,2011-12-30,20,0.48395843129903954,0.568589720853344,0.6571375115637513,0.7204350403600128,2.336635362747633,4141
2012-01,2012-01-31,18,0.7373479112494398,0.48395843129903954,0.6352681610893396,0.34121096023759256,1.1102767475441309,4161
2012-02,2012-02-29,18,0.40900519693295384,0.7373479112494398,0.6471912919814607,0.32454137925512705,0.8268854962023373,4179
2012-03,2012-03-30,21,0.40203263681410834,0.40900519693295384,0.5810881926467361,0.3295570886987735,0.8978704655258842,4197
2012-04,2012-04-30,18,0.6576559324947016,0.40203263681410834,0.5526017630741883,0.327088684100284,0.917377165665722,4218
2012-05,2012-05-31,21,0.6421749673531097,0.6576559324947016,0.5246888487048151,0.32693865740295586,0.9716164735325973,4236
2012-06,2012-06-29,21,0.43954788881002976,0.6421749673531097,0.5414181821617448,0.3341358993441412,0.942910736619784,4257
2012-07,2012-07-31,21,0.39478755313630565,0.43954788881002976,0.5325363552829762,0.4902983953333465,1.6147948150278948,4278
2012-08,2012-08-31,22,0.35343030523736424,0.39478755313630565,0.4812331680842021,0.3359814803527709,1.0660761357406185,4299
2012-09,2012-09-28,21,0.5350598081482572,0.35343030523736424,0.47912665177702235,0.3323584174448477,0.9364794734502838,4321
2012-10,2012-10-26,19,0.5409981131551741,0.5350598081482572,0.49962780358351044,0.3334412656555417,1.001493779306478,4342
2012-11,2012-11-30,20,0.5652364602757348,0.5409981131551741,0.4814254470925495,0.3227539700437667,0.8680464684873638,4361
2012-12,2012-12-31,20,0.5988642583461193,0.5652364602757348,0.4627548358910173,0.32430992257544294,0.8976090225558518,4381
2013-01,2013-01-31,19,0.7980779636719576,0.5988642583461193,0.4883016883176821,0.4130365680136894,1.3219625908465107,4401
2013-02,2013-02-28,16,0.9183285712036894,0.7980779636719576,0.5524393065532489,0.3241001613294873,0.8616630894480463,4420
2013-03,2013-03-28,20,0.726558275918091,0.9183285712036894,0.6201081319869348,0.3388055718039387,1.0756623217978507,4436
2013-04,2013-04-30,19,0.6711050985579403,0.726558275918091,0.6518096882804931,0.32931692153574643,0.9431565845643948,4456
2013-05,2013-05-31,22,0.5394622940505318,0.6711050985579403,0.6658186754283383,0.32852423936279657,0.9460230700491428,4475
2013-06,2013-06-28,20,0.6437731572307177,0.5394622940505318,0.6654545951600959,0.36870740430261656,1.0522254078416626,4497
2013-07,2013-07-31,21,0.5101816169692709,0.6437731572307177,0.6724699309572106,0.33285702790770116,1.038411433749726,4517
2013-08,2013-08-30,23,0.6663864444962677,0.5101816169692709,0.632839377265129,0.32104353208320113,0.7441661771282421,4538
2013-09,2013-09-30,20,0.7112361089673925,0.6663864444962677,0.6144616688063533,0.32479285419267173,0.8901345470047916,4561
2013-10,2013-10-31,22,0.6759971334412526,0.7112361089673925,0.6117272958983608,0.33084967096005946,0.8938786801126135,4581
2013-11,2013-11-27,21,0.7396089219534929,0.6759971334412526,0.6143408308026351,0.3265021533454323,0.8870209057840066,4603
2013-12,2013-12-31,20,0.7521979191857597,0.7396089219534929,0.6404765110811902,0.32360275291823093,0.8429519119626646,4624
2014-01,2014-01-31,17,0.6453106907574415,0.7521979191857597,0.6516576404635057,0.3272467067300072,0.8607565893224327,4644
2014-02,2014-02-28,18,0.6395397857713142,0.6453106907574415,0.6781402951899854,0.34390154775224085,1.082477493562055,4661
2014-03,2014-03-31,23,0.5675889759406296,0.6395397857713142,0.6619615340942288,0.326496360166064,0.9004667474779005,4679
2014-04,2014-04-30,18,0.6878622646631566,0.5675889759406296,0.6459720555627793,0.344911453024406,1.0311140377171828,4702
2014-05,2014-05-30,20,0.5834936219744578,0.6878622646631566,0.6362953216795691,0.32641461820317047,0.9248495105221172,4720
2014-06,2014-06-30,20,0.44897386641688897,0.5834936219744578,0.6075189943254731,0.32456183602111244,0.8900348941952763,4740
2014-07,2014-07-31,23,0.4495107469289484,0.44897386641688897,0.5604946791644847,0.31961530280487316,0.782305671055183,4760
2014-08,2014-08-29,21,0.43247197601948867,0.4495107469289484,0.5435786667966491,0.3995169167801482,1.0780899191954396,4783
2014-09,2014-09-30,20,0.5196233568854643,0.43247197601948867,0.5187587467904313,0.32106721123656873,0.8202621398077412,4804
2014-10,2014-10-31,25,0.5520645596653073,0.5196233568854643,0.503752247681237,0.32222510054256476,0.9208152378360411,4824
2014-11,2014-11-26,19,0.5627220051791115,0.5520645596653073,0.4749065090017194,0.368687586980204,1.1867846433676876,4849
2014-12,2014-12-31,19,0.5978501228976539,0.5627220051791115,0.48200732849913785,0.3202979629239892,0.8410861160869045,4868
2015-01,2015-01-30,18,0.5450518390667193,0.5978501228976539,0.5009914060330497,0.3416050501780786,0.934969058711895,4887
2015-02,2015-02-27,19,0.44910576737075647,0.5450518390667193,0.5179550192876762,0.36497289960303886,1.1543039059993287,4905
2015-03,2015-03-31,18,0.4707280044778903,0.44910576737075647,0.5164660236308805,0.3198003322255079,0.7864127341064111,4924
2015-04,2015-04-30,22,0.45811144768680373,0.4707280044778903,0.5067976037777702,0.3474651885787421,1.079081433060885,4942
2015-05,2015-05-29,19,0.3471036180593949,0.45811144768680373,0.4844933437202637,0.3400656633413228,0.9318416837162389,4964
2015-06,2015-06-30,21,0.3770769313713626,0.3471036180593949,0.4520804395617559,0.3265428892648906,0.902865779591231,4983
2015-07,2015-07-31,21,0.22258623107826392,0.3770769313713626,0.42169670986367125,0.34281926452513484,1.002179305581231,5004
2015-08,2015-08-31,21,0.3525636505452463,0.22258623107826392,0.38010807442160943,0.3174690772409041,0.8816092042540201,5025
2015-09,2015-09-30,23,0.35239740538486297,0.3525636505452463,0.36628790841829106,0.3513710414911417,1.2125208152404483,5046
2015-10,2015-10-30,23,0.4336841298464569,0.35239740538486297,0.3539993142629607,0.43340539570223036,1.398391746940061,5069
2015-11,2015-11-30,18,0.3874314950217545,0.4336841298464569,0.3469594682858425,0.3236981178385105,0.9260359844660577,5092
2015-12,2015-12-31,20,0.28212751194435964,0.3874314950217545,0.3464984752414958,0.31987645551271127,0.8121995641522152,5110
2016-01,2016-01-29,19,0.7190537248927842,0.28212751194435964,0.3414585759614739,0.34165904611219583,1.0499776954426863,5130
2016-02,2016-02-29,17,0.3722479871539692,0.7190537248927842,0.42759578546206095,0.49062265571746555,1.6109970600529286,5149
2016-03,2016-03-31,19,0.3398806136083563,0.3722479871539692,0.4365993494963124,0.3352187922757345,1.0045185602209246,5166
2016-04,2016-04-29,20,0.3152142004214383,0.3398806136083563,0.4248420456308685,0.3201753217611665,0.8902690504313341,5185
2016-05,2016-05-27,18,0.603634786295419,0.3152142004214383,0.4017792186505751,0.32494656653052284,0.8764000633279602,5205
2016-06,2016-06-30,22,0.4523702567955901,0.603634786295419,0.45359605534354797,0.32266836502058455,0.9543719283502733,5223
2016-07,2016-07-29,22,0.46741864650468606,0.4523702567955901,0.4625217290532284,0.40322024975032655,1.453876492032877,5245
2016-08,2016-08-31,23,0.6000359656425525,0.46741864650468606,0.42019624514639276,0.3142471933939382,0.771878676771389,5267
2016-09,2016-09-30,22,0.7448911710286057,0.6000359656425525,0.4655829771696203,0.31390212538489204,0.7920030099644606,5290
2016-10,2016-10-31,20,0.7239719546628691,0.7448911710286057,0.5395930098870507,0.33981393871670534,1.0667183628644943,5312
2016-11,2016-11-30,20,0.627191328908726,0.7239719546628691,0.5959485758228303,0.31091265620970476,0.7419489415762628,5332
2016-12,2016-12-30,21,0.7045016125611093,0.627191328908726,0.5966287856952333,0.31104025940822044,0.7909074490611969,5352
2017-01,2017-01-31,19,0.698492134916862,0.7045016125611093,0.6280673790769256,0.3148231507614657,0.8071275071818378,5373
2017-02,2017-02-28,16,0.5437735168732764,0.698492134916862,0.6677479142711917,0.31160960642912533,0.7988303275344957,5392
2017-03,2017-03-31,24,0.427084397523571,0.5437735168732764,0.6466980023451198,0.31084462260375106,0.7657533425986304,5408
2017-04,2017-04-28,14,0.6944382820363276,0.427084397523571,0.5992272843388661,0.3105291973411337,0.8013599167470035,5432
2017-05,2017-05-31,19,0.5177422812715222,0.6944382820363276,0.5743070046950609,0.3095625955218921,0.8011272745744474,5446
2017-06,2017-06-30,24,0.4298890655810268,0.5177422812715222,0.5566679909886133,0.30847503472195736,0.7665404410644707,5465
2017-07,2017-07-31,22,0.45360816967964557,0.4298890655810268,0.5130199359627511,0.3152942540549564,0.8922232826350455,5489
2017-08,2017-08-31,22,0.4805391181462987,0.45360816967964557,0.4769885291492531,0.30742316342332493,0.6934181038083653,5511
2017-09,2017-09-29,21,0.4261498163570106,0.4805391181462987,0.4800035119530785,0.3213542300153239,0.9015769521700208,5533
2017-10,2017-10-31,22,0.4758773181685331,0.4261498163570106,0.4754683264084854,0.311121333284281,0.806973657949221,5554
2017-11,2017-11-30,20,0.5870016223573941,0.4758773181685331,0.4494615158347317,0.30714139216962827,0.803105689226162,5576
2017-12,2017-12-29,19,0.70197678085991,0.5870016223573941,0.4614561742116967,0.3333863826405171,0.990954971756604,5596
2018-01,2018-01-31,17,0.4146612589327125,0.70197678085991,0.5136504589388452,0.3105615907598229,0.7774183766608299,5615
2018-02,2018-02-28,19,0.4864004415259346,0.4146612589327125,0.50131811944832,0.31230575800978444,0.874730320070683,5632
2018-03,2018-03-29,19,0.36206997050008977,0.4864004415259346,0.49706483305740784,0.3439121596931987,1.105182982589052,5651
2018-04,2018-04-30,17,0.3459702312959479,0.36206997050008977,0.4868769850264823,0.37795152060150383,1.2753884621553688,5670
2018-05,2018-05-31,20,0.37673828743499305,0.3459702312959479,0.4696913245124463,0.3219216233808669,0.9293701010255048,5687
2018-06,2018-06-29,22,0.35964059903267426,0.37673828743499305,0.43946866440861726,0.32888243877566814,1.0000894471618178,5707
2018-07,2018-07-31,21,0.3765547586963526,0.35964059903267426,0.3738156196839147,0.30753475574199224,0.8570389709618144,5729
2018-08,2018-08-31,23,0.3871764025539825,0.3765547586963526,0.36947680545112277,0.3132108436975401,0.9043724196623484,5750
2018-09,2018-09-28,21,0.5107058223457751,0.3871764025539825,0.3598788603041877,0.30120747547610993,0.7849384804207402,5773
2018-10,2018-10-31,21,0.4444483088124156,0.5107058223457751,0.3885665243005097,0.2987138301326491,0.7314770314469169,5794
2018-11,2018-11-30,20,0.394425987844071,0.4444483088124156,0.40308801998141164,0.3638922948528428,1.2781382423872243,5815
2018-12,2018-12-31,21,0.42297005657382264,0.394425987844071,0.4097641203114382,0.3373540358578845,1.1501106629604188,5835
2019-01,2019-01-31,19,0.7537209350215297,0.42297005657382264,0.41992042242130156,0.3318060654863455,1.078332522732882,5856
2019-02,2019-02-28,16,0.9311156455467884,0.7537209350215297,0.48600321744523683,0.35027316241439677,1.183304696086587,5875
2019-03,2019-03-29,21,0.9766798782713537,0.9311156455467884,0.5606372569986051,0.3019257055406908,0.7481929755595904,5891
2019-04,2019-04-30,18,0.67308116627376,0.9766798782713537,0.6520264519364616,0.31969299535621887,0.9692543015130703,5912
2019-05,2019-05-31,22,0.616174074992911,0.67308116627376,0.6776167023942675,0.301677004418935,0.7668787895852419,5930
2019-06,2019-06-28,20,0.4750130441647272,0.616174074992911,0.7055355575646594,0.3399737838494379,0.9613933059989026,5952
2019-07,2019-07-31,21,0.6570527425266115,0.4750130441647272,0.7102846917768771,0.315009783444384,0.9109985292524321,5972
2019-08,2019-08-30,23,0.7034780919698462,0.6570527425266115,0.6982594482822051,0.32756658334315836,0.9081874555609221,5993
2019-09,2019-09-30,20,0.749137754195271,0.7034780919698462,0.6851049615851823,0.318621587412135,0.9919760461178945,6016
2019-10,2019-10-31,22,0.7350195288434717,0.749137754195271,0.6341504091112878,0.31277365415816927,0.8854783009038009,6036
2019-11,2019-11-27,21,0.6936358566125319,0.7350195288434717,0.6464205444684082,0.30384896548332757,0.7944736286135662,6058
2019-12,2019-12-31,20,0.6596616486363854,0.6936358566125319,0.6658965591479632,0.30939953607160786,0.8772035576908885,6079
2020-01,2020-01-31,19,0.9365834811980929,0.6596616486363854,0.6538702203276583,0.30475348014113995,0.7846925313674289,6099
2020-02,2020-02-28,19,1.3553158320602126,0.9365834811980929,0.7340004273780566,0.36759451839240753,1.0619570815368697,6118
2020-03,2020-03-31,21,1.7712166321819995,1.3553158320602126,0.847123104932344,0.4183416738327497,1.3154005436364817,6137
2020-04,2020-04-30,22,1.4903547255415415,1.7712166321819995,1.0670528783994861,0.46963220715608733,1.6242947035090942,6158
2020-05,2020-05-29,18,1.203406554117567,1.4903547255415415,1.1923772285205732,0.3816574549595447,1.3294360517753017,6180
2020-06,2020-06-30,21,0.9647853771107205,1.203406554117567,1.241698853664586,0.3164730178271238,0.994155541149303,6198
2020-07,2020-07-31,22,1.1159349905859834,0.9647853771107205,1.2745903173306916,0.40752684209469114,1.4225689294466488,6219
2020-08,2020-08-31,21,0.8742076377394851,1.1159349905859834,1.3042196024136994,0.3281322027278781,1.0416627169397055,6241
2020-09,2020-09-30,22,0.9449448438366885,0.8742076377394851,1.2481823551813727,0.30661414783394725,0.8854885409901034,6262
2020-10,2020-10-30,22,0.6633113109139627,0.9449448438366885,1.0962820398833855,0.3356141000751415,1.1336971474543112,6284
2020-11,2020-11-30,18,0.9722986413109592,0.6633113109139627,0.9506825746149304,0.3628865289179016,1.2144584938784366,6306
2020-12,2020-12-31,19,1.412236443767111,0.9722986413109592,0.9145479420177988,0.31301960204580365,0.9406894332089556,6324
2021-01,2021-01-29,19,0.8127938909080474,1.412236443767111,0.9876943444099301,0.31687416988499467,0.877478309730644,6343
2021-02,2021-02-26,15,0.27839609717085095,0.8127938909080474,0.9280546604005867,0.3919488258699598,1.2328798686284304,6362
2021-03,2021-03-31,21,0.6705232000547252,0.27839609717085095,0.8652015241832857,0.3419461773879172,1.0630535309803981,6377
2021-04,2021-04-30,22,0.7420500071480322,0.6705232000547252,0.8204463836592849,0.3087034210493374,0.8968062190404157,6398
2021-05,2021-05-28,19,0.8088956754864991,0.7420500071480322,0.83117308906935,0.31650840642201034,0.897571289808765,6420
2021-06,2021-06-30,18,0.5326343067600806,0.8088956754864991,0.8096108557909862,0.30159223148121733,0.7607341008803256,6439
2021-07,2021-07-30,22,0.6703229814095094,0.5326343067600806,0.6380523151643215,0.30146525112912964,0.7579588803594639,6457
2021-08,2021-08-31,23,0.6804211151163884,0.6703229814095094,0.6228551077182659,0.3086160266506633,0.8397172592442587,6479
2021-09,2021-09-30,23,0.6371182624913625,0.6804211151163884,0.6760246740174302,0.30467070724501416,0.8508719887649667,6502
2021-10,2021-10-29,21,0.5931916395004269,0.6371182624913625,0.6673235090992,0.33688116835782933,0.9971211286256441,6525
2021-11,2021-11-30,18,0.8899765261083764,0.5931916395004269,0.6488053770934641,0.3127978641190923,0.9106034699899379,6546
2021-12,2021-12-31,22,0.8184456241205111,0.8899765261083764,0.6585005862041714,0.3861195995392275,1.1777871024918454,6564
2022-01,2022-01-31,20,0.8093699565790001,0.8184456241205111,0.6769210198057678,0.30342445231386483,0.7820744710004633,6586
2022-02,2022-02-28,17,0.5770568664717323,0.8093699565790001,0.6970419259633366,0.45962895118978403,1.5804640310453941,6606
2022-03,2022-03-31,22,0.7172604433124059,0.5770568664717323,0.7009862337047345,0.35745309925055585,1.216906820817811,6623
2022-04,2022-04-29,18,0.8727523127560024,0.7172604433124059,0.7123114049186857,0.35851339335787613,1.1091704513788705,6645
2022-05,2022-05-27,17,0.8211251691581445,0.8727523127560024,0.7441407480853915,0.5606012407070003,1.6675314911658878,6663
2022-06,2022-06-30,20,0.7165659190579268,0.8211251691581445,0.730878237745787,0.5101999377018054,1.707449422382114,6680
2022-07,2022-07-29,23,0.9419316236912162,0.7165659190579268,0.708311246819465,0.3272342009411181,1.0058516372068897,6700
2022-08,2022-08-31,22,0.7286093970816455,0.9419316236912162,0.7484415608233279,0.4007783434537496,1.4316467923245646,6723
2022-09,2022-09-30,22,0.6938559298077362,0.7286093970816455,0.7781719298463928,0.3286964844964452,1.0367116001352636,6745
2022-10,2022-10-31,21,1.2201605626351448,0.6938559298077362,0.7741525146336377,0.3826983739665406,1.2558879395399858,6767
2022-11,2022-11-30,20,1.1587598060850808,1.2201605626351448,0.8579733334847695,0.3730135977611866,1.2797596182782687,6788
2022-12,2022-12-30,20,1.051465181589413,1.1587598060850808,0.9035920571342467,0.5624689587323508,1.8293001996929323,6808
2023-01,2023-01-31,19,0.8560596847900521,1.051465181589413,0.9228623875184458,0.33904121595809217,1.1052920878376449,6828
2023-02,2023-02-28,16,0.48172300413206365,0.8560596847900521,0.9430088514839624,0.38642365500262943,1.253659530551299,6847
2023-03,2023-03-31,24,0.666703921085976,0.48172300413206365,0.9117628608187408,0.3094655837201885,0.8568242748677739,6863
2023-04,2023-04-28,16,0.6698651433623009,0.666703921085976,0.9111282198108895,0.3832871517061425,1.2698410093050856,6887
2023-05,2023-05-31,19,0.736475054528785,0.6698651433623009,0.8047929769040201,0.3660283299797243,1.252589958356277,6903
2023-06,2023-06-30,22,0.4721752522476625,0.736475054528785,0.7368570030420826,0.331647258547192,1.0695255592469297,6922
2023-07,2023-07-31,20,0.4054781848291726,0.4721752522476625,0.6239629994324793,0.3604775515041963,1.139124021928195,6944
2023-08,2023-08-31,22,0.5427670826621467,0.4054781848291726,0.5542253375152201,0.3154776031493008,0.9089850022847985,6964
2023-09,2023-09-29,21,0.6846185331113407,0.5427670826621467,0.5717323532028811,0.3122246686807339,0.9443806838729598,6986
2023-10,2023-10-31,22,0.5629276665777397,0.6846185331113407,0.5664678043227217,0.3101273621507035,0.8680961721410678,7007
2023-11,2023-11-30,20,0.4907604198393681,0.5629276665777397,0.5649101531488699,0.33519002776511414,1.0976195537645017,7029
2023-12,2023-12-29,19,0.6849039707524682,0.4907604198393681,0.515896054396228,0.3098960794635972,0.8046720116597803,7049
2024-01,2024-01-31,18,0.45422399075810377,0.6849039707524682,0.5555204275063648,0.3059928780579835,0.7892504788309813,7068
2024-02,2024-02-29,18,0.9661041134022325,0.45422399075810377,0.5606603786817163,0.3582524245298487,1.0131561171268173,7086
2024-03,2024-03-28,20,0.8522920798619977,0.9661041134022325,0.62653463870243,0.3150578212316426,0.8917370054678878,7104
2024-04,2024-04-30,18,0.8896568604746881,0.8522920798619977,0.6540145545738477,0.3117049174770355,0.8747450165651212,7124
2024-05,2024-05-31,23,0.7697339037589047,0.8896568604746881,0.6955099235723563,0.3578626138748113,1.0793525287333097,7142
2024-06,2024-06-28,18,0.6964179744041721,0.7697339037589047,0.7399799430301381,0.33057421279480453,1.0076839958191015,7165
2024-07,2024-07-31,20,0.6143079313792583,0.6964179744041721,0.7395135157601084,0.30636498738992246,0.7894784871727694,7183
2024-08,2024-08-30,23,0.7905316903571289,0.6143079313792583,0.7574905549449887,0.39047293495740654,1.2453178998367191,7203
2024-09,2024-09-30,21,0.8418755534999124,0.7905316903571289,0.7455349000124414,0.3421125186948919,1.0114837533111656,7226
2024-10,2024-10-31,22,0.8133761690894643,0.8418755534999124,0.7475663655270053,0.3107121327969394,0.8436190636185316,7247
2024-11,2024-11-27,20,0.7928195096569651,0.8133761690894643,0.7422592760197184,0.3700828787483704,1.0185053327086235,7269
2024-12,2024-12-31,21,0.996425917708143,0.7928195096569651,0.7441975624600613,0.30850727584578186,0.8674475964339782,7289
2025-01,2025-01-31,17,0.788178685522378,0.996425917708143,0.792482105351952,0.31575926430803575,0.9626128909247537,7310
2025-02,2025-02-28,18,0.6119368229741884,0.788178685522378,0.8181712158115303,0.31245322601711634,0.9176397312981436,7327
2025-03,2025-03-31,23,0.9281699704897932,0.6119368229741884,0.7813783511385844,0.40170387474727093,1.2820530388451064,7345
2025-04,2025-04-30,18,1.3087724262347982,0.9281699704897932,0.8051866679549162,0.33875749342558203,1.0631895171782653,7368
2025-05,2025-05-30,20,0.7746152636821224,1.3087724262347982,0.8780409353845626,0.3112392230555176,0.9320642030643179,7386
2025-06,2025-06-30,18,0.6811842172241719,0.7746152636821224,0.8753842002985386,0.3078068451819428,0.7980031199879459,7406
2025-07,2025-07-31,23,0.7857579955966303,0.6811842172241719,0.820733177738946,0.320886246963426,0.9976243473642863,7424
2025-08,2025-08-29,21,0.9207626401336529,0.7857579955966303,0.836832078249381,0.30681146193165537,0.7502260159921922,7447
2025-09,2025-09-30,18,0.369301144718374,0.9207626401336529,0.886147415497021,0.3130705871530316,0.8750481606764662,7468
2025-10,2025-10-31,25,0.789740696536461,0.369301144718374,0.8100806034666659,0.3109478800766227,0.8829181558469383,7486
2025-11,2025-11-26,19,0.7966329119220192,0.789740696536461,0.7350249965058073,0.3104975475862254,0.8782110745300507,7511
2025-12,2025-12-31,19,0.6906100298656928,0.7966329119220192,0.7353664780592716,0.33604135640190624,1.15564044628095,7530
